agent_id,agent_name,city
1,Rahul Verma,Dubai
2,Vikram Rao,Dubai
3,Rohit Mehta,Mumbai
4,Anjali Desai,Dubai
5,Anjali Desai,Delhi
6,Amit Sharma,Delhi
7,Vikram Rao,Delhi
8,Rahul Verma,Mumbai
9,Karan Singh,Pune
10,Rohit Mehta,Delhi
11,Rahul Verma,Pune
12,Rahul Verma,Pune
13,Karan Singh,Bangalore
14,Anjali Desai,Bangalore
15,Vikram Rao,Delhi
16,Karan Singh,Mumbai
17,Karan Singh,Delhi
18,Vikram Rao,Pune
19,Amit Sharma,Dubai
20,Anjali Desai,Mumbai
21,Rahul Verma,Pune
22,Rahul Verma,Delhi
23,Rohit Mehta,Mumbai
24,Anjali Desai,Mumbai
25,Vikram Rao,Bangalore
26,Amit Sharma,Bangalore
27,Vikram Rao,Pune
28,Amit Sharma,Delhi
29,Priya Nair,Delhi
30,Anjali Desai,Mumbai
31,Amit Sharma,Dubai
32,Rahul Verma,Pune
33,Rohit Mehta,Dubai
34,Anjali Desai,Dubai
35,Amit Sharma,Bangalore
36,Rahul Verma,Delhi
37,Anjali Desai,Dubai
38,Karan Singh,Dubai
39,Neha Patel,Delhi
40,Amit Sharma,Delhi
41,Neha Patel,Delhi
42,Karan Singh,Dubai
43,Rohit Mehta,Dubai
44,Amit Sharma,Pune
45,Anjali Desai,Mumbai
46,Priya Nair,Dubai
47,Rohit Mehta,Pune
48,Karan Singh,Mumbai
49,Rohit Mehta,Mumbai
50,Neha Patel,Delhi
51,Rahul Verma,Mumbai
52,Anjali Desai,Bangalore
53,Priya Nair,Mumbai
54,Neha Patel,Bangalore
55,Anjali Desai,Dubai
56,Vikram Rao,Delhi
57,Rahul Verma,Dubai
58,Amit Sharma,Dubai
59,Vikram Rao,Bangalore
60,Neha Patel,Dubai
61,Rohit Mehta,Dubai
62,Priya Nair,Pune
63,Anjali Desai,Mumbai
64,Priya Nair,Bangalore
65,Amit Sharma,Dubai
